trial_sequence_id,five_year_trials,three_month_trials
416b9074-87b6-4fea-a105-6864ee520e17,"[11,194,8,64,52]","[11,14,17,20,23,26,29,32,35,38,41,44,47,50,53,56,59,62,65,68,194,197,200,203,206,209,212,215,218,221,224,227,230,233,236,239,242,245,248,251,8,11,14,17,20,23,26,29,32,35,38,41,44,47,50,53,56,59,62,65,64,67,70,73,76,79,82,85,88,91,94,97,100,103,106,109,112,115,118,121,52,55,58,61,64,67,70,73,76,79,82,85,88,91,94,97,100,103,106,109]"
e6f1b793-3eb5-4ea3-94a9-b815b6e24e52,"[215,6,160,40,62]","[215,218,221,224,227,230,233,236,239,242,245,248,251,254,257,260,263,266,269,272,6,9,12,15,18,21,24,27,30,33,36,39,42,45,48,51,54,57,60,63,160,163,166,169,172,175,178,181,184,187,190,193,196,199,202,205,208,211,214,217,40,43,46,49,52,55,58,61,64,67,70,73,76,79,82,85,88,91,94,97,62,65,68,71,74,77,80,83,86,89,92,95,98,101,104,107,110,113,116,119]"
4e2c1aa4-1434-40ae-b283-dcf39949afed,"[33,122,172,30,145]","[33,36,39,42,45,48,51,54,57,60,63,66,69,72,75,78,81,84,87,90,122,125,128,131,134,137,140,143,146,149,152,155,158,161,164,167,170,173,176,179,172,175,178,181,184,187,190,193,196,199,202,205,208,211,214,217,220,223,226,229,30,33,36,39,42,45,48,51,54,57,60,63,66,69,72,75,78,81,84,87,145,148,151,154,157,160,163,166,169,172,175,178,181,184,187,190,193,196,199,202]"
6fec52eb-9ff8-4539-9933-8c09b98618bb,"[243,56,120,180,66]","[243,246,249,252,255,258,261,264,267,270,273,276,279,282,285,288,291,294,297,300,56,59,62,65,68,71,74,77,80,83,86,89,92,95,98,101,104,107,110,113,120,123,126,129,132,135,138,141,144,147,150,153,156,159,162,165,168,171,174,177,180,183,186,189,192,195,198,201,204,207,210,213,216,219,222,225,228,231,234,237,66,69,72,75,78,81,84,87,90,93,96,99,102,105,108,111,114,117,120,123]"
82911c93-06af-429d-aeda-2a485b72ad52,"[197,95,43,156,156]","[197,200,203,206,209,212,215,218,221,224,227,230,233,236,239,242,245,248,251,254,95,98,101,104,107,110,113,116,119,122,125,128,131,134,137,140,143,146,149,152,43,46,49,52,55,58,61,64,67,70,73,76,79,82,85,88,91,94,97,100,156,159,162,165,168,171,174,177,180,183,186,189,192,195,198,201,204,207,210,213,156,159,162,165,168,171,174,177,180,183,186,189,192,195,198,201,204,207,210,213]"
03e384c8-d91d-4284-9b6a-f9c003017db5,"[192,184,30,200,210]","[192,195,198,201,204,207,210,213,216,219,222,225,228,231,234,237,240,243,246,249,184,187,190,193,196,199,202,205,208,211,214,217,220,223,226,229,232,235,238,241,30,33,36,39,42,45,48,51,54,57,60,63,66,69,72,75,78,81,84,87,200,203,206,209,212,215,218,221,224,227,230,233,236,239,242,245,248,251,254,257,210,213,216,219,222,225,228,231,234,237,240,243,246,249,252,255,258,261,264,267]"
cd7135c8-6ae8-48d6-bbda-4cc04a3ef488,"[42,80,28,149,7]","[42,45,48,51,54,57,60,63,66,69,72,75,78,81,84,87,90,93,96,99,80,83,86,89,92,95,98,101,104,107,110,113,116,119,122,125,128,131,134,137,28,31,34,37,40,43,46,49,52,55,58,61,64,67,70,73,76,79,82,85,149,152,155,158,161,164,167,170,173,176,179,182,185,188,191,194,197,200,203,206,7,10,13,16,19,22,25,28,31,34,37,40,43,46,49,52,55,58,61,64]"
22a5797a-5ab2-4041-b534-6c198c74763c,"[238,80,148,174,233]","[238,241,244,247,250,253,256,259,262,265,268,271,274,277,280,283,286,289,292,295,80,83,86,89,92,95,98,101,104,107,110,113,116,119,122,125,128,131,134,137,148,151,154,157,160,163,166,169,172,175,178,181,184,187,190,193,196,199,202,205,174,177,180,183,186,189,192,195,198,201,204,207,210,213,216,219,222,225,228,231,233,236,239,242,245,248,251,254,257,260,263,266,269,272,275,278,281,284,287,290]"
368f83fd-fc22-441e-a58f-f4e68c7fcf1b,"[97,102,242,184,51]","[97,100,103,106,109,112,115,118,121,124,127,130,133,136,139,142,145,148,151,154,102,105,108,111,114,117,120,123,126,129,132,135,138,141,144,147,150,153,156,159,242,245,248,251,254,257,260,263,266,269,272,275,278,281,284,287,290,293,296,299,184,187,190,193,196,199,202,205,208,211,214,217,220,223,226,229,232,235,238,241,51,54,57,60,63,66,69,72,75,78,81,84,87,90,93,96,99,102,105,108]"
45a2ecd3-b818-4c49-9e61-33ef39d98892,"[20,152,177,213,161]","[20,23,26,29,32,35,38,41,44,47,50,53,56,59,62,65,68,71,74,77,152,155,158,161,164,167,170,173,176,179,182,185,188,191,194,197,200,203,206,209,177,180,183,186,189,192,195,198,201,204,207,210,213,216,219,222,225,228,231,234,213,216,219,222,225,228,231,234,237,240,243,246,249,252,255,258,261,264,267,270,161,164,167,170,173,176,179,182,185,188,191,194,197,200,203,206,209,212,215,218]"
1739d021-4cc4-4a5e-9289-18f6c6701f16,"[63,27,179,198,78]","[63,66,69,72,75,78,81,84,87,90,93,96,99,102,105,108,111,114,117,120,27,30,33,36,39,42,45,48,51,54,57,60,63,66,69,72,75,78,81,84,179,182,185,188,191,194,197,200,203,206,209,212,215,218,221,224,227,230,233,236,198,201,204,207,210,213,216,219,222,225,228,231,234,237,240,243,246,249,252,255,78,81,84,87,90,93,96,99,102,105,108,111,114,117,120,123,126,129,132,135]"
529708b4-8f8e-49fb-bf24-b5ce803e9a8a,"[218,176,154,207,31]","[218,221,224,227,230,233,236,239,242,245,248,251,254,257,260,263,266,269,272,275,176,179,182,185,188,191,194,197,200,203,206,209,212,215,218,221,224,227,230,233,154,157,160,163,166,169,172,175,178,181,184,187,190,193,196,199,202,205,208,211,207,210,213,216,219,222,225,228,231,234,237,240,243,246,249,252,255,258,261,264,31,34,37,40,43,46,49,52,55,58,61,64,67,70,73,76,79,82,85,88]"
1ed0562a-bfed-404a-9f4c-59675aeb188c,"[204,145,201,11,89]","[204,207,210,213,216,219,222,225,228,231,234,237,240,243,246,249,252,255,258,261,145,148,151,154,157,160,163,166,169,172,175,178,181,184,187,190,193,196,199,202,201,204,207,210,213,216,219,222,225,228,231,234,237,240,243,246,249,252,255,258,11,14,17,20,23,26,29,32,35,38,41,44,47,50,53,56,59,62,65,68,89,92,95,98,101,104,107,110,113,116,119,122,125,128,131,134,137,140,143,146]"
450578cb-4b97-4d09-9784-c1da28e0e2fe,"[137,110,170,95,18]","[137,140,143,146,149,152,155,158,161,164,167,170,173,176,179,182,185,188,191,194,110,113,116,119,122,125,128,131,134,137,140,143,146,149,152,155,158,161,164,167,170,173,176,179,182,185,188,191,194,197,200,203,206,209,212,215,218,221,224,227,95,98,101,104,107,110,113,116,119,122,125,128,131,134,137,140,143,146,149,152,18,21,24,27,30,33,36,39,42,45,48,51,54,57,60,63,66,69,72,75]"
32204300-b3da-494e-89ac-bc1621192b25,"[130,166,88,4,218]","[130,133,136,139,142,145,148,151,154,157,160,163,166,169,172,175,178,181,184,187,166,169,172,175,178,181,184,187,190,193,196,199,202,205,208,211,214,217,220,223,88,91,94,97,100,103,106,109,112,115,118,121,124,127,130,133,136,139,142,145,4,7,10,13,16,19,22,25,28,31,34,37,40,43,46,49,52,55,58,61,218,221,224,227,230,233,236,239,242,245,248,251,254,257,260,263,266,269,272,275]"
a1ae170f-aae0-4671-a162-7c99d13b2201,"[108,211,126,28,111]","[108,111,114,117,120,123,126,129,132,135,138,141,144,147,150,153,156,159,162,165,211,214,217,220,223,226,229,232,235,238,241,244,247,250,253,256,259,262,265,268,126,129,132,135,138,141,144,147,150,153,156,159,162,165,168,171,174,177,180,183,28,31,34,37,40,43,46,49,52,55,58,61,64,67,70,73,76,79,82,85,111,114,117,120,123,126,129,132,135,138,141,144,147,150,153,156,159,162,165,168]"
cc7a6d63-8b0b-4474-a46b-2085738c0f94,"[93,163,229,213,118]","[93,96,99,102,105,108,111,114,117,120,123,126,129,132,135,138,141,144,147,150,163,166,169,172,175,178,181,184,187,190,193,196,199,202,205,208,211,214,217,220,229,232,235,238,241,244,247,250,253,256,259,262,265,268,271,274,277,280,283,286,213,216,219,222,225,228,231,234,237,240,243,246,249,252,255,258,261,264,267,270,118,121,124,127,130,133,136,139,142,145,148,151,154,157,160,163,166,169,172,175]"
44071625-38e7-4059-9224-7bda23d08d34,"[182,40,112,46,188]","[182,185,188,191,194,197,200,203,206,209,212,215,218,221,224,227,230,233,236,239,40,43,46,49,52,55,58,61,64,67,70,73,76,79,82,85,88,91,94,97,112,115,118,121,124,127,130,133,136,139,142,145,148,151,154,157,160,163,166,169,46,49,52,55,58,61,64,67,70,73,76,79,82,85,88,91,94,97,100,103,188,191,194,197,200,203,206,209,212,215,218,221,224,227,230,233,236,239,242,245]"
374aa5da-7cc4-43fb-8911-44443113b846,"[134,167,70,158,207]","[134,137,140,143,146,149,152,155,158,161,164,167,170,173,176,179,182,185,188,191,167,170,173,176,179,182,185,188,191,194,197,200,203,206,209,212,215,218,221,224,70,73,76,79,82,85,88,91,94,97,100,103,106,109,112,115,118,121,124,127,158,161,164,167,170,173,176,179,182,185,188,191,194,197,200,203,206,209,212,215,207,210,213,216,219,222,225,228,231,234,237,240,243,246,249,252,255,258,261,264]"
afe945bd-dc6e-4094-887c-bd7ca2e6ddb8,"[236,138,199,124,120]","[236,239,242,245,248,251,254,257,260,263,266,269,272,275,278,281,284,287,290,293,138,141,144,147,150,153,156,159,162,165,168,171,174,177,180,183,186,189,192,195,199,202,205,208,211,214,217,220,223,226,229,232,235,238,241,244,247,250,253,256,124,127,130,133,136,139,142,145,148,151,154,157,160,163,166,169,172,175,178,181,120,123,126,129,132,135,138,141,144,147,150,153,156,159,162,165,168,171,174,177]"
d9869ab6-f3d2-4752-a147-6914a25c69c3,"[112,212,188,152,69]","[112,115,118,121,124,127,130,133,136,139,142,145,148,151,154,157,160,163,166,169,212,215,218,221,224,227,230,233,236,239,242,245,248,251,254,257,260,263,266,269,188,191,194,197,200,203,206,209,212,215,218,221,224,227,230,233,236,239,242,245,152,155,158,161,164,167,170,173,176,179,182,185,188,191,194,197,200,203,206,209,69,72,75,78,81,84,87,90,93,96,99,102,105,108,111,114,117,120,123,126]"
e81148e3-020e-47a8-8f86-a2acd497ddeb,"[83,219,63,213,240]","[83,86,89,92,95,98,101,104,107,110,113,116,119,122,125,128,131,134,137,140,219,222,225,228,231,234,237,240,243,246,249,252,255,258,261,264,267,270,273,276,63,66,69,72,75,78,81,84,87,90,93,96,99,102,105,108,111,114,117,120,213,216,219,222,225,228,231,234,237,240,243,246,249,252,255,258,261,264,267,270,240,243,246,249,252,255,258,261,264,267,270,273,276,279,282,285,288,291,294,297]"
fefdaf0b-e421-4614-bef5-d664e3bfc79d,"[23,72,226,116,63]","[23,26,29,32,35,38,41,44,47,50,53,56,59,62,65,68,71,74,77,80,72,75,78,81,84,87,90,93,96,99,102,105,108,111,114,117,120,123,126,129,226,229,232,235,238,241,244,247,250,253,256,259,262,265,268,271,274,277,280,283,116,119,122,125,128,131,134,137,140,143,146,149,152,155,158,161,164,167,170,173,63,66,69,72,75,78,81,84,87,90,93,96,99,102,105,108,111,114,117,120]"
28af01c4-3266-4952-9747-57d8905b87a5,"[193,119,146,157,172]","[193,196,199,202,205,208,211,214,217,220,223,226,229,232,235,238,241,244,247,250,119,122,125,128,131,134,137,140,143,146,149,152,155,158,161,164,167,170,173,176,146,149,152,155,158,161,164,167,170,173,176,179,182,185,188,191,194,197,200,203,157,160,163,166,169,172,175,178,181,184,187,190,193,196,199,202,205,208,211,214,172,175,178,181,184,187,190,193,196,199,202,205,208,211,214,217,220,223,226,229]"
7cf5e9fb-5198-48f0-b9c2-f9d7bd7aed65,"[98,87,8,127,218]","[98,101,104,107,110,113,116,119,122,125,128,131,134,137,140,143,146,149,152,155,87,90,93,96,99,102,105,108,111,114,117,120,123,126,129,132,135,138,141,144,8,11,14,17,20,23,26,29,32,35,38,41,44,47,50,53,56,59,62,65,127,130,133,136,139,142,145,148,151,154,157,160,163,166,169,172,175,178,181,184,218,221,224,227,230,233,236,239,242,245,248,251,254,257,260,263,266,269,272,275]"
04235bba-f191-43de-b154-46641778a6b9,"[84,47,125,55,91]","[84,87,90,93,96,99,102,105,108,111,114,117,120,123,126,129,132,135,138,141,47,50,53,56,59,62,65,68,71,74,77,80,83,86,89,92,95,98,101,104,125,128,131,134,137,140,143,146,149,152,155,158,161,164,167,170,173,176,179,182,55,58,61,64,67,70,73,76,79,82,85,88,91,94,97,100,103,106,109,112,91,94,97,100,103,106,109,112,115,118,121,124,127,130,133,136,139,142,145,148]"
b787cc22-24fe-41f1-ba6d-d68d3cc03b4d,"[205,67,88,72,226]","[205,208,211,214,217,220,223,226,229,232,235,238,241,244,247,250,253,256,259,262,67,70,73,76,79,82,85,88,91,94,97,100,103,106,109,112,115,118,121,124,88,91,94,97,100,103,106,109,112,115,118,121,124,127,130,133,136,139,142,145,72,75,78,81,84,87,90,93,96,99,102,105,108,111,114,117,120,123,126,129,226,229,232,235,238,241,244,247,250,253,256,259,262,265,268,271,274,277,280,283]"
0a25b703-308c-4dd9-bcfb-4a4228646db6,"[153,180,226,71,143]","[153,156,159,162,165,168,171,174,177,180,183,186,189,192,195,198,201,204,207,210,180,183,186,189,192,195,198,201,204,207,210,213,216,219,222,225,228,231,234,237,226,229,232,235,238,241,244,247,250,253,256,259,262,265,268,271,274,277,280,283,71,74,77,80,83,86,89,92,95,98,101,104,107,110,113,116,119,122,125,128,143,146,149,152,155,158,161,164,167,170,173,176,179,182,185,188,191,194,197,200]"
940ee8bb-53c0-4ca8-895f-ca5e80029a21,"[3,133,243,49,22]","[3,6,9,12,15,18,21,24,27,30,33,36,39,42,45,48,51,54,57,60,133,136,139,142,145,148,151,154,157,160,163,166,169,172,175,178,181,184,187,190,243,246,249,252,255,258,261,264,267,270,273,276,279,282,285,288,291,294,297,300,49,52,55,58,61,64,67,70,73,76,79,82,85,88,91,94,97,100,103,106,22,25,28,31,34,37,40,43,46,49,52,55,58,61,64,67,70,73,76,79]"
95063ab6-e1ec-4e82-a587-5164d0837204,"[62,185,105,126,143]","[62,65,68,71,74,77,80,83,86,89,92,95,98,101,104,107,110,113,116,119,185,188,191,194,197,200,203,206,209,212,215,218,221,224,227,230,233,236,239,242,105,108,111,114,117,120,123,126,129,132,135,138,141,144,147,150,153,156,159,162,126,129,132,135,138,141,144,147,150,153,156,159,162,165,168,171,174,177,180,183,143,146,149,152,155,158,161,164,167,170,173,176,179,182,185,188,191,194,197,200]"
3ed64227-4a11-43be-bd06-a5bd47fd0dd5,"[195,62,177,122,166]","[195,198,201,204,207,210,213,216,219,222,225,228,231,234,237,240,243,246,249,252,62,65,68,71,74,77,80,83,86,89,92,95,98,101,104,107,110,113,116,119,177,180,183,186,189,192,195,198,201,204,207,210,213,216,219,222,225,228,231,234,122,125,128,131,134,137,140,143,146,149,152,155,158,161,164,167,170,173,176,179,166,169,172,175,178,181,184,187,190,193,196,199,202,205,208,211,214,217,220,223]"
e8d3676c-d1ce-4c60-b515-9c57e381d020,"[183,126,115,203,5]","[183,186,189,192,195,198,201,204,207,210,213,216,219,222,225,228,231,234,237,240,126,129,132,135,138,141,144,147,150,153,156,159,162,165,168,171,174,177,180,183,115,118,121,124,127,130,133,136,139,142,145,148,151,154,157,160,163,166,169,172,203,206,209,212,215,218,221,224,227,230,233,236,239,242,245,248,251,254,257,260,5,8,11,14,17,20,23,26,29,32,35,38,41,44,47,50,53,56,59,62]"
bce3b2b2-9b09-445f-8865-38ce55ef2741,"[24,76,57,104,178]","[24,27,30,33,36,39,42,45,48,51,54,57,60,63,66,69,72,75,78,81,76,79,82,85,88,91,94,97,100,103,106,109,112,115,118,121,124,127,130,133,57,60,63,66,69,72,75,78,81,84,87,90,93,96,99,102,105,108,111,114,104,107,110,113,116,119,122,125,128,131,134,137,140,143,146,149,152,155,158,161,178,181,184,187,190,193,196,199,202,205,208,211,214,217,220,223,226,229,232,235]"
135fc2d7-cb01-433a-923d-0ab402fced84,"[63,79,170,149,95]","[63,66,69,72,75,78,81,84,87,90,93,96,99,102,105,108,111,114,117,120,79,82,85,88,91,94,97,100,103,106,109,112,115,118,121,124,127,130,133,136,170,173,176,179,182,185,188,191,194,197,200,203,206,209,212,215,218,221,224,227,149,152,155,158,161,164,167,170,173,176,179,182,185,188,191,194,197,200,203,206,95,98,101,104,107,110,113,116,119,122,125,128,131,134,137,140,143,146,149,152]"
0a243513-1d44-4cc7-b10f-8dccca3e9dd7,"[122,142,136,89,109]","[122,125,128,131,134,137,140,143,146,149,152,155,158,161,164,167,170,173,176,179,142,145,148,151,154,157,160,163,166,169,172,175,178,181,184,187,190,193,196,199,136,139,142,145,148,151,154,157,160,163,166,169,172,175,178,181,184,187,190,193,89,92,95,98,101,104,107,110,113,116,119,122,125,128,131,134,137,140,143,146,109,112,115,118,121,124,127,130,133,136,139,142,145,148,151,154,157,160,163,166]"
db84ec0b-183a-4b00-87ce-c55ff0381d93,"[191,141,85,91,180]","[191,194,197,200,203,206,209,212,215,218,221,224,227,230,233,236,239,242,245,248,141,144,147,150,153,156,159,162,165,168,171,174,177,180,183,186,189,192,195,198,85,88,91,94,97,100,103,106,109,112,115,118,121,124,127,130,133,136,139,142,91,94,97,100,103,106,109,112,115,118,121,124,127,130,133,136,139,142,145,148,180,183,186,189,192,195,198,201,204,207,210,213,216,219,222,225,228,231,234,237]"
74c5ae53-61ca-4929-9049-062ba6b8604f,"[117,70,79,65,60]","[117,120,123,126,129,132,135,138,141,144,147,150,153,156,159,162,165,168,171,174,70,73,76,79,82,85,88,91,94,97,100,103,106,109,112,115,118,121,124,127,79,82,85,88,91,94,97,100,103,106,109,112,115,118,121,124,127,130,133,136,65,68,71,74,77,80,83,86,89,92,95,98,101,104,107,110,113,116,119,122,60,63,66,69,72,75,78,81,84,87,90,93,96,99,102,105,108,111,114,117]"
423c3ef0-9e8c-40bd-9305-9b0125f0805c,"[31,185,50,81,31]","[31,34,37,40,43,46,49,52,55,58,61,64,67,70,73,76,79,82,85,88,185,188,191,194,197,200,203,206,209,212,215,218,221,224,227,230,233,236,239,242,50,53,56,59,62,65,68,71,74,77,80,83,86,89,92,95,98,101,104,107,81,84,87,90,93,96,99,102,105,108,111,114,117,120,123,126,129,132,135,138,31,34,37,40,43,46,49,52,55,58,61,64,67,70,73,76,79,82,85,88]"
fc30f995-b0cf-43a0-a447-31ff6d254da5,"[191,138,196,177,48]","[191,194,197,200,203,206,209,212,215,218,221,224,227,230,233,236,239,242,245,248,138,141,144,147,150,153,156,159,162,165,168,171,174,177,180,183,186,189,192,195,196,199,202,205,208,211,214,217,220,223,226,229,232,235,238,241,244,247,250,253,177,180,183,186,189,192,195,198,201,204,207,210,213,216,219,222,225,228,231,234,48,51,54,57,60,63,66,69,72,75,78,81,84,87,90,93,96,99,102,105]"
8b33b63f-0d44-40ad-98a5-c621af363c11,"[50,56,190,124,71]","[50,53,56,59,62,65,68,71,74,77,80,83,86,89,92,95,98,101,104,107,56,59,62,65,68,71,74,77,80,83,86,89,92,95,98,101,104,107,110,113,190,193,196,199,202,205,208,211,214,217,220,223,226,229,232,235,238,241,244,247,124,127,130,133,136,139,142,145,148,151,154,157,160,163,166,169,172,175,178,181,71,74,77,80,83,86,89,92,95,98,101,104,107,110,113,116,119,122,125,128]"
d5615ed0-b8ee-40e0-a465-3a4fa8e5aa31,"[186,151,195,135,153]","[186,189,192,195,198,201,204,207,210,213,216,219,222,225,228,231,234,237,240,243,151,154,157,160,163,166,169,172,175,178,181,184,187,190,193,196,199,202,205,208,195,198,201,204,207,210,213,216,219,222,225,228,231,234,237,240,243,246,249,252,135,138,141,144,147,150,153,156,159,162,165,168,171,174,177,180,183,186,189,192,153,156,159,162,165,168,171,174,177,180,183,186,189,192,195,198,201,204,207,210]"
26cd1f7e-6903-4ef2-80be-258454578f87,"[73,26,214,50,76]","[73,76,79,82,85,88,91,94,97,100,103,106,109,112,115,118,121,124,127,130,26,29,32,35,38,41,44,47,50,53,56,59,62,65,68,71,74,77,80,83,214,217,220,223,226,229,232,235,238,241,244,247,250,253,256,259,262,265,268,271,50,53,56,59,62,65,68,71,74,77,80,83,86,89,92,95,98,101,104,107,76,79,82,85,88,91,94,97,100,103,106,109,112,115,118,121,124,127,130,133]"
59fbf4e5-eb5b-4d46-9458-b5f5896d5fc8,"[59,93,46,78,4]","[59,62,65,68,71,74,77,80,83,86,89,92,95,98,101,104,107,110,113,116,93,96,99,102,105,108,111,114,117,120,123,126,129,132,135,138,141,144,147,150,46,49,52,55,58,61,64,67,70,73,76,79,82,85,88,91,94,97,100,103,78,81,84,87,90,93,96,99,102,105,108,111,114,117,120,123,126,129,132,135,4,7,10,13,16,19,22,25,28,31,34,37,40,43,46,49,52,55,58,61]"
76ff91d1-f16c-4972-ba86-e3a81516a6e5,"[182,137,33,71,12]","[182,185,188,191,194,197,200,203,206,209,212,215,218,221,224,227,230,233,236,239,137,140,143,146,149,152,155,158,161,164,167,170,173,176,179,182,185,188,191,194,33,36,39,42,45,48,51,54,57,60,63,66,69,72,75,78,81,84,87,90,71,74,77,80,83,86,89,92,95,98,101,104,107,110,113,116,119,122,125,128,12,15,18,21,24,27,30,33,36,39,42,45,48,51,54,57,60,63,66,69]"
b696a631-14d7-4b53-96e3-94869ca4faa3,"[14,142,75,179,242]","[14,17,20,23,26,29,32,35,38,41,44,47,50,53,56,59,62,65,68,71,142,145,148,151,154,157,160,163,166,169,172,175,178,181,184,187,190,193,196,199,75,78,81,84,87,90,93,96,99,102,105,108,111,114,117,120,123,126,129,132,179,182,185,188,191,194,197,200,203,206,209,212,215,218,221,224,227,230,233,236,242,245,248,251,254,257,260,263,266,269,272,275,278,281,284,287,290,293,296,299]"
fc7c95d2-2072-4ff3-aebe-506ede6f7ed5,"[33,164,223,193,126]","[33,36,39,42,45,48,51,54,57,60,63,66,69,72,75,78,81,84,87,90,164,167,170,173,176,179,182,185,188,191,194,197,200,203,206,209,212,215,218,221,223,226,229,232,235,238,241,244,247,250,253,256,259,262,265,268,271,274,277,280,193,196,199,202,205,208,211,214,217,220,223,226,229,232,235,238,241,244,247,250,126,129,132,135,138,141,144,147,150,153,156,159,162,165,168,171,174,177,180,183]"
116803ba-3c53-4f3b-a28f-ca874d5c290b,"[27,224,4,147,73]","[27,30,33,36,39,42,45,48,51,54,57,60,63,66,69,72,75,78,81,84,224,227,230,233,236,239,242,245,248,251,254,257,260,263,266,269,272,275,278,281,4,7,10,13,16,19,22,25,28,31,34,37,40,43,46,49,52,55,58,61,147,150,153,156,159,162,165,168,171,174,177,180,183,186,189,192,195,198,201,204,73,76,79,82,85,88,91,94,97,100,103,106,109,112,115,118,121,124,127,130]"
67066f28-0559-4853-a33b-2395391264bc,"[121,123,113,88,48]","[121,124,127,130,133,136,139,142,145,148,151,154,157,160,163,166,169,172,175,178,123,126,129,132,135,138,141,144,147,150,153,156,159,162,165,168,171,174,177,180,113,116,119,122,125,128,131,134,137,140,143,146,149,152,155,158,161,164,167,170,88,91,94,97,100,103,106,109,112,115,118,121,124,127,130,133,136,139,142,145,48,51,54,57,60,63,66,69,72,75,78,81,84,87,90,93,96,99,102,105]"
96a44135-1887-47c9-b834-751d043b9101,"[14,65,241,221,123]","[14,17,20,23,26,29,32,35,38,41,44,47,50,53,56,59,62,65,68,71,65,68,71,74,77,80,83,86,89,92,95,98,101,104,107,110,113,116,119,122,241,244,247,250,253,256,259,262,265,268,271,274,277,280,283,286,289,292,295,298,221,224,227,230,233,236,239,242,245,248,251,254,257,260,263,266,269,272,275,278,123,126,129,132,135,138,141,144,147,150,153,156,159,162,165,168,171,174,177,180]"
b7f74dcc-1cd1-46d1-8ad4-84a9ee9d5223,"[30,211,17,103,126]","[30,33,36,39,42,45,48,51,54,57,60,63,66,69,72,75,78,81,84,87,211,214,217,220,223,226,229,232,235,238,241,244,247,250,253,256,259,262,265,268,17,20,23,26,29,32,35,38,41,44,47,50,53,56,59,62,65,68,71,74,103,106,109,112,115,118,121,124,127,130,133,136,139,142,145,148,151,154,157,160,126,129,132,135,138,141,144,147,150,153,156,159,162,165,168,171,174,177,180,183]"
49390f3c-7e99-4764-b792-6810d4262c8c,"[19,148,162,176,14]","[19,22,25,28,31,34,37,40,43,46,49,52,55,58,61,64,67,70,73,76,148,151,154,157,160,163,166,169,172,175,178,181,184,187,190,193,196,199,202,205,162,165,168,171,174,177,180,183,186,189,192,195,198,201,204,207,210,213,216,219,176,179,182,185,188,191,194,197,200,203,206,209,212,215,218,221,224,227,230,233,14,17,20,23,26,29,32,35,38,41,44,47,50,53,56,59,62,65,68,71]"
6b9093af-8176-4aeb-a099-d6edfd2260a1,"[39,39,208,145,243]","[39,42,45,48,51,54,57,60,63,66,69,72,75,78,81,84,87,90,93,96,39,42,45,48,51,54,57,60,63,66,69,72,75,78,81,84,87,90,93,96,208,211,214,217,220,223,226,229,232,235,238,241,244,247,250,253,256,259,262,265,145,148,151,154,157,160,163,166,169,172,175,178,181,184,187,190,193,196,199,202,243,246,249,252,255,258,261,264,267,270,273,276,279,282,285,288,291,294,297,300]"
d9af3952-2900-4120-ad5e-f8ff27d71df4,"[78,22,64,31,143]","[78,81,84,87,90,93,96,99,102,105,108,111,114,117,120,123,126,129,132,135,22,25,28,31,34,37,40,43,46,49,52,55,58,61,64,67,70,73,76,79,64,67,70,73,76,79,82,85,88,91,94,97,100,103,106,109,112,115,118,121,31,34,37,40,43,46,49,52,55,58,61,64,67,70,73,76,79,82,85,88,143,146,149,152,155,158,161,164,167,170,173,176,179,182,185,188,191,194,197,200]"
90e21cb8-6ea9-4d1e-b02d-7fc7503fbf65,"[196,107,156,153,203]","[196,199,202,205,208,211,214,217,220,223,226,229,232,235,238,241,244,247,250,253,107,110,113,116,119,122,125,128,131,134,137,140,143,146,149,152,155,158,161,164,156,159,162,165,168,171,174,177,180,183,186,189,192,195,198,201,204,207,210,213,153,156,159,162,165,168,171,174,177,180,183,186,189,192,195,198,201,204,207,210,203,206,209,212,215,218,221,224,227,230,233,236,239,242,245,248,251,254,257,260]"
42b838a8-6436-41e0-bdff-a2325a19326c,"[159,58,199,134,98]","[159,162,165,168,171,174,177,180,183,186,189,192,195,198,201,204,207,210,213,216,58,61,64,67,70,73,76,79,82,85,88,91,94,97,100,103,106,109,112,115,199,202,205,208,211,214,217,220,223,226,229,232,235,238,241,244,247,250,253,256,134,137,140,143,146,149,152,155,158,161,164,167,170,173,176,179,182,185,188,191,98,101,104,107,110,113,116,119,122,125,128,131,134,137,140,143,146,149,152,155]"
f9245827-daa2-42f7-a62b-51d9ad560466,"[116,233,114,77,221]","[116,119,122,125,128,131,134,137,140,143,146,149,152,155,158,161,164,167,170,173,233,236,239,242,245,248,251,254,257,260,263,266,269,272,275,278,281,284,287,290,114,117,120,123,126,129,132,135,138,141,144,147,150,153,156,159,162,165,168,171,77,80,83,86,89,92,95,98,101,104,107,110,113,116,119,122,125,128,131,134,221,224,227,230,233,236,239,242,245,248,251,254,257,260,263,266,269,272,275,278]"
ab65efd5-3a3f-46be-b65f-d910055e2705,"[151,110,79,146,159]","[151,154,157,160,163,166,169,172,175,178,181,184,187,190,193,196,199,202,205,208,110,113,116,119,122,125,128,131,134,137,140,143,146,149,152,155,158,161,164,167,79,82,85,88,91,94,97,100,103,106,109,112,115,118,121,124,127,130,133,136,146,149,152,155,158,161,164,167,170,173,176,179,182,185,188,191,194,197,200,203,159,162,165,168,171,174,177,180,183,186,189,192,195,198,201,204,207,210,213,216]"
13cbada2-1e65-4aef-92f0-9b9d96d11584,"[16,157,190,26,243]","[16,19,22,25,28,31,34,37,40,43,46,49,52,55,58,61,64,67,70,73,157,160,163,166,169,172,175,178,181,184,187,190,193,196,199,202,205,208,211,214,190,193,196,199,202,205,208,211,214,217,220,223,226,229,232,235,238,241,244,247,26,29,32,35,38,41,44,47,50,53,56,59,62,65,68,71,74,77,80,83,243,246,249,252,255,258,261,264,267,270,273,276,279,282,285,288,291,294,297,300]"
5315d2ee-8030-415f-9dfb-6dfab3549066,"[196,54,161,55,68]","[196,199,202,205,208,211,214,217,220,223,226,229,232,235,238,241,244,247,250,253,54,57,60,63,66,69,72,75,78,81,84,87,90,93,96,99,102,105,108,111,161,164,167,170,173,176,179,182,185,188,191,194,197,200,203,206,209,212,215,218,55,58,61,64,67,70,73,76,79,82,85,88,91,94,97,100,103,106,109,112,68,71,74,77,80,83,86,89,92,95,98,101,104,107,110,113,116,119,122,125]"
efb7a342-61f2-4fd8-96ff-7e03286bdc9f,"[170,21,41,62,45]","[170,173,176,179,182,185,188,191,194,197,200,203,206,209,212,215,218,221,224,227,21,24,27,30,33,36,39,42,45,48,51,54,57,60,63,66,69,72,75,78,41,44,47,50,53,56,59,62,65,68,71,74,77,80,83,86,89,92,95,98,62,65,68,71,74,77,80,83,86,89,92,95,98,101,104,107,110,113,116,119,45,48,51,54,57,60,63,66,69,72,75,78,81,84,87,90,93,96,99,102]"
d78ce7c3-609a-4015-9796-ecf7864aa7ba,"[142,20,41,1,105]","[142,145,148,151,154,157,160,163,166,169,172,175,178,181,184,187,190,193,196,199,20,23,26,29,32,35,38,41,44,47,50,53,56,59,62,65,68,71,74,77,41,44,47,50,53,56,59,62,65,68,71,74,77,80,83,86,89,92,95,98,1,4,7,10,13,16,19,22,25,28,31,34,37,40,43,46,49,52,55,58,105,108,111,114,117,120,123,126,129,132,135,138,141,144,147,150,153,156,159,162]"
99ebca25-7a12-4f32-9079-905872744f89,"[116,177,153,121,75]","[116,119,122,125,128,131,134,137,140,143,146,149,152,155,158,161,164,167,170,173,177,180,183,186,189,192,195,198,201,204,207,210,213,216,219,222,225,228,231,234,153,156,159,162,165,168,171,174,177,180,183,186,189,192,195,198,201,204,207,210,121,124,127,130,133,136,139,142,145,148,151,154,157,160,163,166,169,172,175,178,75,78,81,84,87,90,93,96,99,102,105,108,111,114,117,120,123,126,129,132]"
5b5f4689-8ce5-4ea2-aaf5-ad8c5ad55d9e,"[9,60,74,181,73]","[9,12,15,18,21,24,27,30,33,36,39,42,45,48,51,54,57,60,63,66,60,63,66,69,72,75,78,81,84,87,90,93,96,99,102,105,108,111,114,117,74,77,80,83,86,89,92,95,98,101,104,107,110,113,116,119,122,125,128,131,181,184,187,190,193,196,199,202,205,208,211,214,217,220,223,226,229,232,235,238,73,76,79,82,85,88,91,94,97,100,103,106,109,112,115,118,121,124,127,130]"
ef3f293b-4619-441b-b0a2-9fca3293e71d,"[180,221,117,19,176]","[180,183,186,189,192,195,198,201,204,207,210,213,216,219,222,225,228,231,234,237,221,224,227,230,233,236,239,242,245,248,251,254,257,260,263,266,269,272,275,278,117,120,123,126,129,132,135,138,141,144,147,150,153,156,159,162,165,168,171,174,19,22,25,28,31,34,37,40,43,46,49,52,55,58,61,64,67,70,73,76,176,179,182,185,188,191,194,197,200,203,206,209,212,215,218,221,224,227,230,233]"
90d437ab-8d28-4cc8-80d3-fd683ca1a022,"[60,237,68,202,203]","[60,63,66,69,72,75,78,81,84,87,90,93,96,99,102,105,108,111,114,117,237,240,243,246,249,252,255,258,261,264,267,270,273,276,279,282,285,288,291,294,68,71,74,77,80,83,86,89,92,95,98,101,104,107,110,113,116,119,122,125,202,205,208,211,214,217,220,223,226,229,232,235,238,241,244,247,250,253,256,259,203,206,209,212,215,218,221,224,227,230,233,236,239,242,245,248,251,254,257,260]"
ad13b735-c91d-476c-b4c8-457b25d5cb54,"[161,151,170,206,240]","[161,164,167,170,173,176,179,182,185,188,191,194,197,200,203,206,209,212,215,218,151,154,157,160,163,166,169,172,175,178,181,184,187,190,193,196,199,202,205,208,170,173,176,179,182,185,188,191,194,197,200,203,206,209,212,215,218,221,224,227,206,209,212,215,218,221,224,227,230,233,236,239,242,245,248,251,254,257,260,263,240,243,246,249,252,255,258,261,264,267,270,273,276,279,282,285,288,291,294,297]"
d545c155-cc82-4eec-a205-2e7e1e33441f,"[51,109,30,140,58]","[51,54,57,60,63,66,69,72,75,78,81,84,87,90,93,96,99,102,105,108,109,112,115,118,121,124,127,130,133,136,139,142,145,148,151,154,157,160,163,166,30,33,36,39,42,45,48,51,54,57,60,63,66,69,72,75,78,81,84,87,140,143,146,149,152,155,158,161,164,167,170,173,176,179,182,185,188,191,194,197,58,61,64,67,70,73,76,79,82,85,88,91,94,97,100,103,106,109,112,115]"
9bcca7a5-4fb0-4658-bce2-49ad49a594d4,"[166,39,233,69,212]","[166,169,172,175,178,181,184,187,190,193,196,199,202,205,208,211,214,217,220,223,39,42,45,48,51,54,57,60,63,66,69,72,75,78,81,84,87,90,93,96,233,236,239,242,245,248,251,254,257,260,263,266,269,272,275,278,281,284,287,290,69,72,75,78,81,84,87,90,93,96,99,102,105,108,111,114,117,120,123,126,212,215,218,221,224,227,230,233,236,239,242,245,248,251,254,257,260,263,266,269]"
e47d56d1-591c-470a-8dca-8cec2f193e0a,"[37,19,16,43,203]","[37,40,43,46,49,52,55,58,61,64,67,70,73,76,79,82,85,88,91,94,19,22,25,28,31,34,37,40,43,46,49,52,55,58,61,64,67,70,73,76,16,19,22,25,28,31,34,37,40,43,46,49,52,55,58,61,64,67,70,73,43,46,49,52,55,58,61,64,67,70,73,76,79,82,85,88,91,94,97,100,203,206,209,212,215,218,221,224,227,230,233,236,239,242,245,248,251,254,257,260]"
1d0ffcb3-0339-428b-a3bb-14d20c2b4cac,"[79,153,192,212,146]","[79,82,85,88,91,94,97,100,103,106,109,112,115,118,121,124,127,130,133,136,153,156,159,162,165,168,171,174,177,180,183,186,189,192,195,198,201,204,207,210,192,195,198,201,204,207,210,213,216,219,222,225,228,231,234,237,240,243,246,249,212,215,218,221,224,227,230,233,236,239,242,245,248,251,254,257,260,263,266,269,146,149,152,155,158,161,164,167,170,173,176,179,182,185,188,191,194,197,200,203]"
1dd8d0c5-7ec7-45f6-939f-b5c0a7dfce67,"[236,74,113,32,120]","[236,239,242,245,248,251,254,257,260,263,266,269,272,275,278,281,284,287,290,293,74,77,80,83,86,89,92,95,98,101,104,107,110,113,116,119,122,125,128,131,113,116,119,122,125,128,131,134,137,140,143,146,149,152,155,158,161,164,167,170,32,35,38,41,44,47,50,53,56,59,62,65,68,71,74,77,80,83,86,89,120,123,126,129,132,135,138,141,144,147,150,153,156,159,162,165,168,171,174,177]"
acc92478-d38d-459a-9764-23538bedffdd,"[177,78,180,104,242]","[177,180,183,186,189,192,195,198,201,204,207,210,213,216,219,222,225,228,231,234,78,81,84,87,90,93,96,99,102,105,108,111,114,117,120,123,126,129,132,135,180,183,186,189,192,195,198,201,204,207,210,213,216,219,222,225,228,231,234,237,104,107,110,113,116,119,122,125,128,131,134,137,140,143,146,149,152,155,158,161,242,245,248,251,254,257,260,263,266,269,272,275,278,281,284,287,290,293,296,299]"
4382059b-0b38-442e-993c-3cd70568e02b,"[70,129,139,127,113]","[70,73,76,79,82,85,88,91,94,97,100,103,106,109,112,115,118,121,124,127,129,132,135,138,141,144,147,150,153,156,159,162,165,168,171,174,177,180,183,186,139,142,145,148,151,154,157,160,163,166,169,172,175,178,181,184,187,190,193,196,127,130,133,136,139,142,145,148,151,154,157,160,163,166,169,172,175,178,181,184,113,116,119,122,125,128,131,134,137,140,143,146,149,152,155,158,161,164,167,170]"
71a114fc-fbbe-4bbb-8682-c3975752191e,"[21,154,11,228,111]","[21,24,27,30,33,36,39,42,45,48,51,54,57,60,63,66,69,72,75,78,154,157,160,163,166,169,172,175,178,181,184,187,190,193,196,199,202,205,208,211,11,14,17,20,23,26,29,32,35,38,41,44,47,50,53,56,59,62,65,68,228,231,234,237,240,243,246,249,252,255,258,261,264,267,270,273,276,279,282,285,111,114,117,120,123,126,129,132,135,138,141,144,147,150,153,156,159,162,165,168]"
e7fd8857-512d-46ec-8ec8-5838520ebe9d,"[189,83,155,65,7]","[189,192,195,198,201,204,207,210,213,216,219,222,225,228,231,234,237,240,243,246,83,86,89,92,95,98,101,104,107,110,113,116,119,122,125,128,131,134,137,140,155,158,161,164,167,170,173,176,179,182,185,188,191,194,197,200,203,206,209,212,65,68,71,74,77,80,83,86,89,92,95,98,101,104,107,110,113,116,119,122,7,10,13,16,19,22,25,28,31,34,37,40,43,46,49,52,55,58,61,64]"
d542f3bf-e2ec-45f1-b813-c6df1eb39d07,"[24,59,173,215,221]","[24,27,30,33,36,39,42,45,48,51,54,57,60,63,66,69,72,75,78,81,59,62,65,68,71,74,77,80,83,86,89,92,95,98,101,104,107,110,113,116,173,176,179,182,185,188,191,194,197,200,203,206,209,212,215,218,221,224,227,230,215,218,221,224,227,230,233,236,239,242,245,248,251,254,257,260,263,266,269,272,221,224,227,230,233,236,239,242,245,248,251,254,257,260,263,266,269,272,275,278]"
6951b01f-7ea1-4e8f-b793-b679e901e11d,"[148,151,6,196,173]","[148,151,154,157,160,163,166,169,172,175,178,181,184,187,190,193,196,199,202,205,151,154,157,160,163,166,169,172,175,178,181,184,187,190,193,196,199,202,205,208,6,9,12,15,18,21,24,27,30,33,36,39,42,45,48,51,54,57,60,63,196,199,202,205,208,211,214,217,220,223,226,229,232,235,238,241,244,247,250,253,173,176,179,182,185,188,191,194,197,200,203,206,209,212,215,218,221,224,227,230]"
450f07dd-4c84-422d-a8cb-e87cc986c5ca,"[211,69,148,11,196]","[211,214,217,220,223,226,229,232,235,238,241,244,247,250,253,256,259,262,265,268,69,72,75,78,81,84,87,90,93,96,99,102,105,108,111,114,117,120,123,126,148,151,154,157,160,163,166,169,172,175,178,181,184,187,190,193,196,199,202,205,11,14,17,20,23,26,29,32,35,38,41,44,47,50,53,56,59,62,65,68,196,199,202,205,208,211,214,217,220,223,226,229,232,235,238,241,244,247,250,253]"
b772b507-7e2b-4f39-9d90-415f520bc05e,"[194,45,121,133,167]","[194,197,200,203,206,209,212,215,218,221,224,227,230,233,236,239,242,245,248,251,45,48,51,54,57,60,63,66,69,72,75,78,81,84,87,90,93,96,99,102,121,124,127,130,133,136,139,142,145,148,151,154,157,160,163,166,169,172,175,178,133,136,139,142,145,148,151,154,157,160,163,166,169,172,175,178,181,184,187,190,167,170,173,176,179,182,185,188,191,194,197,200,203,206,209,212,215,218,221,224]"
b6411aa7-eea9-45f3-9e28-caabbbc590c2,"[114,235,72,47,150]","[114,117,120,123,126,129,132,135,138,141,144,147,150,153,156,159,162,165,168,171,235,238,241,244,247,250,253,256,259,262,265,268,271,274,277,280,283,286,289,292,72,75,78,81,84,87,90,93,96,99,102,105,108,111,114,117,120,123,126,129,47,50,53,56,59,62,65,68,71,74,77,80,83,86,89,92,95,98,101,104,150,153,156,159,162,165,168,171,174,177,180,183,186,189,192,195,198,201,204,207]"
6ab0858d-aaaf-48df-a575-ccaae434902f,"[112,163,209,126,24]","[112,115,118,121,124,127,130,133,136,139,142,145,148,151,154,157,160,163,166,169,163,166,169,172,175,178,181,184,187,190,193,196,199,202,205,208,211,214,217,220,209,212,215,218,221,224,227,230,233,236,239,242,245,248,251,254,257,260,263,266,126,129,132,135,138,141,144,147,150,153,156,159,162,165,168,171,174,177,180,183,24,27,30,33,36,39,42,45,48,51,54,57,60,63,66,69,72,75,78,81]"
90ffb7a3-64ff-491d-a12f-ea5df4842b9f,"[121,90,105,86,83]","[121,124,127,130,133,136,139,142,145,148,151,154,157,160,163,166,169,172,175,178,90,93,96,99,102,105,108,111,114,117,120,123,126,129,132,135,138,141,144,147,105,108,111,114,117,120,123,126,129,132,135,138,141,144,147,150,153,156,159,162,86,89,92,95,98,101,104,107,110,113,116,119,122,125,128,131,134,137,140,143,83,86,89,92,95,98,101,104,107,110,113,116,119,122,125,128,131,134,137,140]"
1a40ce42-5972-4c75-adc8-879a846c0fdb,"[172,27,220,42,85]","[172,175,178,181,184,187,190,193,196,199,202,205,208,211,214,217,220,223,226,229,27,30,33,36,39,42,45,48,51,54,57,60,63,66,69,72,75,78,81,84,220,223,226,229,232,235,238,241,244,247,250,253,256,259,262,265,268,271,274,277,42,45,48,51,54,57,60,63,66,69,72,75,78,81,84,87,90,93,96,99,85,88,91,94,97,100,103,106,109,112,115,118,121,124,127,130,133,136,139,142]"
0366ef5c-560a-49c0-ba36-27d23826c3ab,"[106,178,127,74,170]","[106,109,112,115,118,121,124,127,130,133,136,139,142,145,148,151,154,157,160,163,178,181,184,187,190,193,196,199,202,205,208,211,214,217,220,223,226,229,232,235,127,130,133,136,139,142,145,148,151,154,157,160,163,166,169,172,175,178,181,184,74,77,80,83,86,89,92,95,98,101,104,107,110,113,116,119,122,125,128,131,170,173,176,179,182,185,188,191,194,197,200,203,206,209,212,215,218,221,224,227]"
5ef9549a-0056-411f-9d1d-6843b135df05,"[242,103,209,195,141]","[242,245,248,251,254,257,260,263,266,269,272,275,278,281,284,287,290,293,296,299,103,106,109,112,115,118,121,124,127,130,133,136,139,142,145,148,151,154,157,160,209,212,215,218,221,224,227,230,233,236,239,242,245,248,251,254,257,260,263,266,195,198,201,204,207,210,213,216,219,222,225,228,231,234,237,240,243,246,249,252,141,144,147,150,153,156,159,162,165,168,171,174,177,180,183,186,189,192,195,198]"
a3c815ab-68a5-4fe5-b835-84b816432db7,"[10,117,23,81,65]","[10,13,16,19,22,25,28,31,34,37,40,43,46,49,52,55,58,61,64,67,117,120,123,126,129,132,135,138,141,144,147,150,153,156,159,162,165,168,171,174,23,26,29,32,35,38,41,44,47,50,53,56,59,62,65,68,71,74,77,80,81,84,87,90,93,96,99,102,105,108,111,114,117,120,123,126,129,132,135,138,65,68,71,74,77,80,83,86,89,92,95,98,101,104,107,110,113,116,119,122]"
d5e4d950-f013-41f3-8f90-e08911189a7d,"[83,30,198,104,222]","[83,86,89,92,95,98,101,104,107,110,113,116,119,122,125,128,131,134,137,140,30,33,36,39,42,45,48,51,54,57,60,63,66,69,72,75,78,81,84,87,198,201,204,207,210,213,216,219,222,225,228,231,234,237,240,243,246,249,252,255,104,107,110,113,116,119,122,125,128,131,134,137,140,143,146,149,152,155,158,161,222,225,228,231,234,237,240,243,246,249,252,255,258,261,264,267,270,273,276,279]"
9761f88d-9d1f-4d16-afe8-3582afd2b329,"[132,212,1,169,223]","[132,135,138,141,144,147,150,153,156,159,162,165,168,171,174,177,180,183,186,189,212,215,218,221,224,227,230,233,236,239,242,245,248,251,254,257,260,263,266,269,1,4,7,10,13,16,19,22,25,28,31,34,37,40,43,46,49,52,55,58,169,172,175,178,181,184,187,190,193,196,199,202,205,208,211,214,217,220,223,226,223,226,229,232,235,238,241,244,247,250,253,256,259,262,265,268,271,274,277,280]"
8f3e4b12-85e4-4af7-a400-e19ae2485c37,"[139,119,106,14,49]","[139,142,145,148,151,154,157,160,163,166,169,172,175,178,181,184,187,190,193,196,119,122,125,128,131,134,137,140,143,146,149,152,155,158,161,164,167,170,173,176,106,109,112,115,118,121,124,127,130,133,136,139,142,145,148,151,154,157,160,163,14,17,20,23,26,29,32,35,38,41,44,47,50,53,56,59,62,65,68,71,49,52,55,58,61,64,67,70,73,76,79,82,85,88,91,94,97,100,103,106]"
0bd43546-6563-468c-928a-3e4ecd00d1d7,"[133,93,160,194,128]","[133,136,139,142,145,148,151,154,157,160,163,166,169,172,175,178,181,184,187,190,93,96,99,102,105,108,111,114,117,120,123,126,129,132,135,138,141,144,147,150,160,163,166,169,172,175,178,181,184,187,190,193,196,199,202,205,208,211,214,217,194,197,200,203,206,209,212,215,218,221,224,227,230,233,236,239,242,245,248,251,128,131,134,137,140,143,146,149,152,155,158,161,164,167,170,173,176,179,182,185]"
877ac539-d373-41aa-985c-9b315d9f5248,"[161,114,195,14,53]","[161,164,167,170,173,176,179,182,185,188,191,194,197,200,203,206,209,212,215,218,114,117,120,123,126,129,132,135,138,141,144,147,150,153,156,159,162,165,168,171,195,198,201,204,207,210,213,216,219,222,225,228,231,234,237,240,243,246,249,252,14,17,20,23,26,29,32,35,38,41,44,47,50,53,56,59,62,65,68,71,53,56,59,62,65,68,71,74,77,80,83,86,89,92,95,98,101,104,107,110]"
068f9656-4374-4e15-92d9-d6ab710cb620,"[69,141,34,238,74]","[69,72,75,78,81,84,87,90,93,96,99,102,105,108,111,114,117,120,123,126,141,144,147,150,153,156,159,162,165,168,171,174,177,180,183,186,189,192,195,198,34,37,40,43,46,49,52,55,58,61,64,67,70,73,76,79,82,85,88,91,238,241,244,247,250,253,256,259,262,265,268,271,274,277,280,283,286,289,292,295,74,77,80,83,86,89,92,95,98,101,104,107,110,113,116,119,122,125,128,131]"
b6a584d0-66bf-4853-9fe8-60b64a866c67,"[113,226,179,125,32]","[113,116,119,122,125,128,131,134,137,140,143,146,149,152,155,158,161,164,167,170,226,229,232,235,238,241,244,247,250,253,256,259,262,265,268,271,274,277,280,283,179,182,185,188,191,194,197,200,203,206,209,212,215,218,221,224,227,230,233,236,125,128,131,134,137,140,143,146,149,152,155,158,161,164,167,170,173,176,179,182,32,35,38,41,44,47,50,53,56,59,62,65,68,71,74,77,80,83,86,89]"
68c14fc5-0c0e-4af7-9d49-1b723357b63f,"[8,162,156,205,62]","[8,11,14,17,20,23,26,29,32,35,38,41,44,47,50,53,56,59,62,65,162,165,168,171,174,177,180,183,186,189,192,195,198,201,204,207,210,213,216,219,156,159,162,165,168,171,174,177,180,183,186,189,192,195,198,201,204,207,210,213,205,208,211,214,217,220,223,226,229,232,235,238,241,244,247,250,253,256,259,262,62,65,68,71,74,77,80,83,86,89,92,95,98,101,104,107,110,113,116,119]"
367f61cf-d4a1-4031-b567-8ab911a0acde,"[182,41,80,142,4]","[182,185,188,191,194,197,200,203,206,209,212,215,218,221,224,227,230,233,236,239,41,44,47,50,53,56,59,62,65,68,71,74,77,80,83,86,89,92,95,98,80,83,86,89,92,95,98,101,104,107,110,113,116,119,122,125,128,131,134,137,142,145,148,151,154,157,160,163,166,169,172,175,178,181,184,187,190,193,196,199,4,7,10,13,16,19,22,25,28,31,34,37,40,43,46,49,52,55,58,61]"
08ebfe6a-5a84-491b-a78e-3581d0bee604,"[142,105,24,58,216]","[142,145,148,151,154,157,160,163,166,169,172,175,178,181,184,187,190,193,196,199,105,108,111,114,117,120,123,126,129,132,135,138,141,144,147,150,153,156,159,162,24,27,30,33,36,39,42,45,48,51,54,57,60,63,66,69,72,75,78,81,58,61,64,67,70,73,76,79,82,85,88,91,94,97,100,103,106,109,112,115,216,219,222,225,228,231,234,237,240,243,246,249,252,255,258,261,264,267,270,273]"
ab2c2988-7cd1-4bd8-8a15-74f58b49c015,"[234,30,119,243,31]","[234,237,240,243,246,249,252,255,258,261,264,267,270,273,276,279,282,285,288,291,30,33,36,39,42,45,48,51,54,57,60,63,66,69,72,75,78,81,84,87,119,122,125,128,131,134,137,140,143,146,149,152,155,158,161,164,167,170,173,176,243,246,249,252,255,258,261,264,267,270,273,276,279,282,285,288,291,294,297,300,31,34,37,40,43,46,49,52,55,58,61,64,67,70,73,76,79,82,85,88]"
1738b7d4-9c86-4648-b053-1b72a9044450,"[166,214,40,128,239]","[166,169,172,175,178,181,184,187,190,193,196,199,202,205,208,211,214,217,220,223,214,217,220,223,226,229,232,235,238,241,244,247,250,253,256,259,262,265,268,271,40,43,46,49,52,55,58,61,64,67,70,73,76,79,82,85,88,91,94,97,128,131,134,137,140,143,146,149,152,155,158,161,164,167,170,173,176,179,182,185,239,242,245,248,251,254,257,260,263,266,269,272,275,278,281,284,287,290,293,296]"
390d521d-fcae-4efd-8d20-aa5593df1e02,"[184,75,131,181,70]","[184,187,190,193,196,199,202,205,208,211,214,217,220,223,226,229,232,235,238,241,75,78,81,84,87,90,93,96,99,102,105,108,111,114,117,120,123,126,129,132,131,134,137,140,143,146,149,152,155,158,161,164,167,170,173,176,179,182,185,188,181,184,187,190,193,196,199,202,205,208,211,214,217,220,223,226,229,232,235,238,70,73,76,79,82,85,88,91,94,97,100,103,106,109,112,115,118,121,124,127]"
318f3fc8-453b-455a-a6f5-dbe04ffb4223,"[107,214,124,121,63]","[107,110,113,116,119,122,125,128,131,134,137,140,143,146,149,152,155,158,161,164,214,217,220,223,226,229,232,235,238,241,244,247,250,253,256,259,262,265,268,271,124,127,130,133,136,139,142,145,148,151,154,157,160,163,166,169,172,175,178,181,121,124,127,130,133,136,139,142,145,148,151,154,157,160,163,166,169,172,175,178,63,66,69,72,75,78,81,84,87,90,93,96,99,102,105,108,111,114,117,120]"